{
  "StageWall": {
    "ModelScale": [
      25.0,
      4.0,
      1.0
    ],
    "ModifierScale": [
      1.0,
      1.0,
      1.0
    ],
    "Size": 38.54199981689453,
    "wall0:NormalPosition": [
      -0.25,
      0.0,
      0.809
    ],
    "wall0:Rotate": [
      0.0,
      0.0,
      0.0
    ],
    "wall1:NormalPosition": [
      -0.809,
      0.0,
      -0.095
    ],
    "wall1:Rotate": [
      0.0,
      0.8999999761581421,
      0.0
    ],
    "wall2:NormalPosition": [
      -0.309,
      0.0,
      -0.809
    ],
    "wall2:Rotate": [
      0.0,
      -0.8999999761581421,
      0.0
    ],
    "wall3:NormalPosition": [
      0.475,
      0.0,
      -0.309
    ],
    "wall3:Rotate": [
      0.0,
      0.8999999761581421,
      0.0
    ],
    "wall4:NormalPosition": [
      0.654,
      0.0,
      0.475
    ],
    "wall4:Rotate": [
      0.0,
      -0.8999999761581421,
      0.0
    ]
  }
}
