{
    "StageWall": {
        "ModelScale": [
            25.0,
            4.0,
            1.0
        ],
        "ModifierScale": [
            1.0,
            1.0,
            1.0
        ],
        "Size": 38.54199981689453,
        "wall0:NormalPosition": [
            0.0,
            0.0,
            1.0
        ],
        "wall0:Rotate": [
            0.0,
            0.0,
            0.0
        ],
        "wall1:NormalPosition": [
            0.5,
            0.0,
            0.5
        ],
        "wall1:Rotate": [
            0.0,
            0.8999999761581421,
            0.0
        ],
        "wall2:NormalPosition": [
            0.3499999940395355,
            0.0,
            -0.4000000059604645
        ],
        "wall2:Rotate": [
            0.0,
            -0.8999999761581421,
            0.0
        ],
        "wall3:NormalPosition": [
            -0.3499999940395355,
            0.0,
            -0.4000000059604645
        ],
        "wall3:Rotate": [
            0.0,
            0.8999999761581421,
            0.0
        ],
        "wall4:NormalPosition": [
            -0.4000000059604645,
            0.0,
            0.5
        ],
        "wall4:Rotate": [
            0.0,
            -0.8999999761581421,
            0.0
        ]
    }
}
